indicator,dimension,group,year,estimate,lo,hi,n,significant,group_order,change_pts,change_lo_pts,change_hi_pts
12-month discontinuation,Education,No education,2018,0.4239,0.3778,0.4694,1080,Not tested,1,-3.35,NA,NA
12-month discontinuation,Education,No education,2024,0.3904,0.3496,0.4328,1186,Not tested,1,-3.35,NA,NA
12-month discontinuation,Education,Primary,2018,0.3362,0.2955,0.372,1423,Not tested,2,-1.19,NA,NA
12-month discontinuation,Education,Primary,2024,0.3243,0.2906,0.3606,940,Not tested,2,-1.19,NA,NA
12-month discontinuation,Education,Secondary,2018,0.3395,0.321,0.3605,4358,Not tested,3,-3.39,NA,NA
12-month discontinuation,Education,Secondary,2024,0.3056,0.2852,0.3259,4625,Not tested,3,-3.39,NA,NA
12-month discontinuation,Education,Higher,2018,0.3255,0.2915,0.3553,1640,Not tested,4,-5.35,NA,NA
12-month discontinuation,Education,Higher,2024,0.272,0.2472,0.297,2321,Not tested,4,-5.35,NA,NA
12-month discontinuation,Overall,All women 15-49,2018,0.3463,0.3293,0.3625,8501,Yes,1,-3.41,-5.79,-1.01
12-month discontinuation,Overall,All women 15-49,2024,0.3122,0.2967,0.3294,9072,Yes,1,-3.41,-5.79,-1.01
12-month discontinuation,Wealth,Poorest,2018,0.4216,0.3673,0.4724,551,No,1,1.34,-7.77,8.85
12-month discontinuation,Wealth,Poorest,2024,0.435,0.3713,0.4986,638,No,1,1.34,-7.77,8.85
12-month discontinuation,Wealth,Poorer,2018,0.3824,0.3431,0.4239,1074,Not tested,2,-2.17,NA,NA
12-month discontinuation,Wealth,Poorer,2024,0.3606,0.3181,0.4066,958,Not tested,2,-2.17,NA,NA
12-month discontinuation,Wealth,Middle,2018,0.3897,0.3586,0.4228,1816,Not tested,3,-5.06,NA,NA
12-month discontinuation,Wealth,Middle,2024,0.3391,0.3095,0.3674,1758,Not tested,3,-5.06,NA,NA
12-month discontinuation,Wealth,Richer,2018,0.3516,0.3242,0.3811,2478,Not tested,4,-3.61,NA,NA
12-month discontinuation,Wealth,Richer,2024,0.3155,0.2868,0.3431,2692,Not tested,4,-3.61,NA,NA
12-month discontinuation,Wealth,Richest,2018,0.2991,0.2752,0.3254,2582,Yes,5,-4.48,-7.51,-1.49
12-month discontinuation,Wealth,Richest,2024,0.2543,0.2321,0.2769,3026,Yes,5,-4.48,-7.51,-1.49
12-month discontinuation,Zone,North West,2018,0.4633,0.4159,0.5198,1003,Yes,1,-10.29,-16.98,-3.86
12-month discontinuation,Zone,North West,2024,0.3604,0.3206,0.4082,1212,Yes,1,-10.29,-16.98,-3.86
12-month discontinuation,Zone,North East,2018,0.404,0.3479,0.4688,1042,Yes,2,7.26,0.21,14.32
12-month discontinuation,Zone,North East,2024,0.4766,0.4343,0.5171,1112,Yes,2,7.26,0.21,14.32
12-month discontinuation,Zone,North Central,2018,0.3736,0.3393,0.4098,1740,Not tested,3,-7.5,NA,NA
12-month discontinuation,Zone,North Central,2024,0.2986,0.2709,0.3266,1701,Not tested,3,-7.5,NA,NA
12-month discontinuation,Zone,South West,2018,0.2391,0.2112,0.2686,1784,Not tested,4,-1.97,NA,NA
12-month discontinuation,Zone,South West,2024,0.2194,0.1895,0.2481,1932,Not tested,4,-1.97,NA,NA
12-month discontinuation,Zone,South East,2018,0.386,0.3565,0.4149,1700,Not tested,5,-7.25,NA,NA
12-month discontinuation,Zone,South East,2024,0.3134,0.2792,0.3502,1456,Not tested,5,-7.25,NA,NA
12-month discontinuation,Zone,South South,2018,0.3172,0.2789,0.356,1232,Not tested,6,-4.24,NA,NA
12-month discontinuation,Zone,South South,2024,0.2748,0.2438,0.3014,1659,Not tested,6,-4.24,NA,NA
Modern contraceptive use,Education,No education,2018,0.04,0.0352,0.0448,NA,Yes,1,1.73,0.9,2.56
Modern contraceptive use,Education,No education,2024,0.0574,0.0505,0.0642,NA,Yes,1,1.73,0.9,2.56
Modern contraceptive use,Education,Primary,2018,0.1208,0.1099,0.1317,NA,No,2,1.1,-0.58,2.79
Modern contraceptive use,Education,Primary,2024,0.1319,0.1191,0.1447,NA,No,2,1.1,-0.58,2.79
Modern contraceptive use,Education,Secondary,2018,0.1331,0.1257,0.1404,NA,Yes,3,2.25,1.17,3.34
Modern contraceptive use,Education,Secondary,2024,0.1556,0.1477,0.1635,NA,Yes,3,2.25,1.17,3.34
Modern contraceptive use,Education,Higher,2018,0.1905,0.177,0.2039,NA,Yes,4,5.15,3.19,7.11
Modern contraceptive use,Education,Higher,2024,0.242,0.2277,0.2562,NA,Yes,4,5.15,3.19,7.11
Modern contraceptive use,Overall,All women 15-49,2018,0.1051,0.1001,0.1101,NA,Yes,1,2.59,1.81,3.37
Modern contraceptive use,Overall,All women 15-49,2024,0.131,0.125,0.1371,NA,Yes,1,2.59,1.81,3.37
Modern contraceptive use,Wealth,Poorest,2018,0.0347,0.0287,0.0406,NA,Yes,1,1.13,0.15,2.1
Modern contraceptive use,Wealth,Poorest,2024,0.0459,0.0382,0.0537,NA,Yes,1,1.13,0.15,2.1
Modern contraceptive use,Wealth,Poorer,2018,0.0589,0.0491,0.0687,NA,No,2,1.16,-0.14,2.46
Modern contraceptive use,Wealth,Poorer,2024,0.0705,0.062,0.079,NA,No,2,1.16,-0.14,2.46
Modern contraceptive use,Wealth,Middle,2018,0.0978,0.0894,0.1062,NA,Yes,3,2.35,1.03,3.68
Modern contraceptive use,Wealth,Middle,2024,0.1214,0.1111,0.1317,NA,Yes,3,2.35,1.03,3.68
Modern contraceptive use,Wealth,Richer,2018,0.1437,0.1347,0.1528,NA,Yes,4,3.17,1.78,4.56
Modern contraceptive use,Wealth,Richer,2024,0.1755,0.165,0.186,NA,Yes,4,3.17,1.78,4.56
Modern contraceptive use,Wealth,Richest,2018,0.1685,0.157,0.1801,NA,Yes,5,4.47,2.78,6.17
Modern contraceptive use,Wealth,Richest,2024,0.2133,0.2009,0.2257,NA,Yes,5,4.47,2.78,6.17
Modern contraceptive use,Zone,North West,2018,0.0533,0.0433,0.0632,NA,Yes,1,1.82,0.37,3.26
Modern contraceptive use,Zone,North West,2024,0.0714,0.061,0.0819,NA,Yes,1,1.82,0.37,3.26
Modern contraceptive use,Zone,North East,2018,0.0694,0.0606,0.0783,NA,Yes,2,3.1,1.46,4.73
Modern contraceptive use,Zone,North East,2024,0.1004,0.0866,0.1142,NA,Yes,2,3.1,1.46,4.73
Modern contraceptive use,Zone,North Central,2018,0.1146,0.1038,0.1253,NA,Yes,3,2.25,0.49,4.02
Modern contraceptive use,Zone,North Central,2024,0.1371,0.1231,0.1512,NA,Yes,3,2.25,0.49,4.02
Modern contraceptive use,Zone,South West,2018,0.1838,0.1698,0.1979,NA,Yes,4,7.11,4.84,9.38
Modern contraceptive use,Zone,South West,2024,0.2549,0.237,0.2727,NA,Yes,4,7.11,4.84,9.38
Modern contraceptive use,Zone,South East,2018,0.1058,0.0948,0.1168,NA,Yes,5,2.88,1.06,4.7
Modern contraceptive use,Zone,South East,2024,0.1346,0.12,0.1491,NA,Yes,5,2.88,1.06,4.7
Modern contraceptive use,Zone,South South,2018,0.1547,0.1421,0.1674,NA,No,6,1.68,-0.16,3.52
Modern contraceptive use,Zone,South South,2024,0.1715,0.1581,0.1848,NA,No,6,1.68,-0.16,3.52
