"term","estimate","lo","hi","p"
"yearf2024",0.862761799102834,0.79625972421132,0.934817998899079,0.000309764558418774
"wealthpoorer",0.892087116112704,0.762490542043963,1.04371054964298,0.153921975101799
"wealthmiddle",0.910700442071349,0.781104659661634,1.06179791008829,0.232335167300613
"wealthricher",0.888136033917048,0.759340591527898,1.0387770962629,0.137791095302781
"wealthrichest",0.780371087299209,0.660893016975097,0.921448734138307,0.00344572275734376
"educprimary",0.931147885577316,0.816326194588131,1.06212000859848,0.288038039441837
"educsecondary",0.999303942685528,0.88756782735225,1.12510654295102,0.990816819192927
"educhigher",0.970974914399385,0.85042998862486,1.10860658373229,0.663189353455817
"regionnorth central",0.792443515025837,0.691858212329547,0.907652338753175,0.000782012112719667
"regionnorth east",1.08505282679107,0.935986078690007,1.25786020084302,0.278980158190352
"regionsouth east",0.843448321375549,0.733796490261319,0.969485518495581,0.0165687521325405
"regionsouth south",0.700428946610199,0.603707474487015,0.812646405722156,2.64940969731279e-06
"regionsouth west",0.521441030292026,0.446580803930322,0.608850057322288,1.79114824590784e-16
