"term","estimate_pts","lo_pts","hi_pts","p"
"(Intercept)",-8.72272500402132,-9.41187637744604,-8.03357363059661,7.32949159905625e-136
"year2024",1.17170028999024,0.292361917258884,2.0510386627216,0.00901039001248783
"wealthpoorer",1.09301770907453,0.115957494203713,2.07007792394535,0.0283352898651846
"wealthmiddle",2.54371325266947,1.52388262004515,3.56354388529379,1.01487885902705e-06
"wealthricher",4.6809374617786,3.46123634918553,5.90063857437167,5.39291380067625e-14
"wealthrichest",4.28086076227543,2.82941848501066,5.73230303954021,7.43494066846286e-09
"age20-24",8.30835942438467,7.61291779425796,9.00380105451137,2.94418004594852e-121
"age25-29",11.9516106680947,11.054644175094,12.8485771610954,2.40084174807167e-150
"age30-34",13.5901548427909,12.6524954522662,14.5278142333156,1.62657175902527e-177
"age35-39",15.2463272675673,14.1159073855601,16.3767471495744,5.40881068833025e-154
"age40-44",14.327009254937,13.220435704165,15.433582805709,4.58657066051908e-142
"age45-49",8.93975196358122,7.91041504386076,9.96908888330169,5.59064762869164e-65
"residenceurban",-0.2421781300601,-1.00082742422258,0.516471164102377,0.531527063873764
"educprimary",5.36113210373814,4.47310129764588,6.24916290983039,2.64435096228184e-32
"educsecondary",7.47133023269495,6.53785925817525,8.40480120721464,1.84225113497383e-55
"educhigher",9.53354222281871,8.22311418928591,10.8439702563515,3.92557991911552e-46
"regionnorth central",3.09306040271796,2.07565323624622,4.11046756918969,2.54291637517531e-09
"regionnorth east",2.28946449681191,1.39154607703653,3.18738291658728,5.80772956470264e-07
"regionsouth east",-1.0012414484225,-2.17005335120052,0.167570454355523,0.0931523682183976
"regionsouth south",2.62326684705547,1.34785238003842,3.89868131407251,5.54646195271765e-05
"regionsouth west",7.67384684432923,6.33022629783557,9.01746739082289,4.35376997772778e-29
"year2024:wealthpoorer",0.219305804849204,-1.18132707470764,1.61993868440605,0.75892756114041
"year2024:wealthmiddle",1.3166275958312,-0.169673025368472,2.80292821703087,0.082519564453507
"year2024:wealthricher",2.00074961822082,0.389377938130511,3.61212129831112,0.0149486050446017
"year2024:wealthrichest",2.95867102077811,1.15343958978123,4.76390245177499,0.00131664029925562
