"year","region","n","disc12","lo","hi"
2018,"north central",1740,0.373554699039424,0.339290069129039,0.409770746853106
2018,"north east",1042,0.404028864145873,0.347890757428062,0.468822946920396
2018,"north west",1003,0.463280302836091,0.415883734482944,0.519764309117431
2018,"south east",1700,0.385955811064491,0.356478709996399,0.414929667731123
2018,"south south",1232,0.317214761656256,0.278853811460812,0.356017072366626
2018,"south west",1784,0.239108362073502,0.211174513291885,0.268615941077189
2024,"north central",1701,0.298562471906986,0.270878751867324,0.326577371424586
2024,"north east",1112,0.476593517363517,0.434266893473886,0.517142257246039
2024,"north west",1212,0.360424336059476,0.320610841906661,0.408204731926598
2024,"south east",1456,0.313406819980413,0.279243765233488,0.350221379950469
2024,"south south",1659,0.274833568392815,0.243798136776474,0.301437530718194
2024,"south west",1932,0.219417538311992,0.189488247464271,0.248062460288944
