"year","code","n","disc12","lo","hi"
2018,"1",1052,0.465505688743061,0.423567296376717,0.50848499338582
2018,"2",223,0.133237292231803,0.0880409322432728,0.187452128100187
2018,"3",1939,0.485841404295737,0.452296276495285,0.518505656777487
2018,"5",1529,0.305115150906894,0.273156027573994,0.335054607324687
2018,"8",757,0.32190820824651,0.280934471295702,0.365628764285707
2018,"9",1380,0.347968537097127,0.307116955237702,0.382658826374156
2018,"N",1250,0.132814530091881,0.105818667346392,0.161960894366177
2018,"W",295,0.408334664020539,0.334800410041831,0.488062221341893
2024,"1",872,0.502297915560824,0.453883266862738,0.55376290194005
2024,"2",167,0.0920730162447286,0.0500997430316266,0.145966126106508
2024,"3",1915,0.465068525853514,0.434085339237398,0.498902212793081
2024,"5",1672,0.280461500394366,0.250967415605957,0.314367787213692
2024,"8",544,0.234687226110635,0.19321401122573,0.273893629555367
2024,"9",1618,0.254525396443324,0.22429341639816,0.283129767568918
2024,"N",1996,0.172226222806251,0.149190675657041,0.195287796516123
2024,"W",210,0.367698247122563,0.284437906406434,0.456294342463333
