"year","wealth","n","disc12","lo","hi"
2018,"poorest",551,0.421638049504103,0.367310037465605,0.472430053257179
2018,"poorer",1074,0.382350579771687,0.343074164681103,0.423939966704148
2018,"middle",1816,0.389730704509735,0.358590803340861,0.422837830811936
2018,"richer",2478,0.351575568811859,0.324155165067615,0.381081615491029
2018,"richest",2582,0.299065722244739,0.275162013991641,0.325409786704654
2024,"poorest",638,0.434999801998488,0.371341656787106,0.49858404743878
2024,"poorer",958,0.360615353867269,0.318083276630602,0.406568241357762
2024,"middle",1758,0.339091570261529,0.309548926805246,0.36743989218927
2024,"richer",2692,0.315502579922313,0.286809866058489,0.343085471501505
2024,"richest",3026,0.25427756469527,0.232075119972948,0.276901129976036
